variety,season,block,date,tonsTipped,ctnWeight,packPercentage,binsTipped,classOne,classTwo,classThree,32/40,36/45,40/50,48/55,56/60,64/65,72,88,105,125,afrigold,alliance,capespan,dki,dole,zest,ae,bd,ca,cn,eu,id,in,my,no,np,ph,ru,sa,ur,vn,uk
Valencia Late,2024,all,2024/04/01,222,153.18,0.69,150,90,104,186,1295,2791,2759,733,1875,1308,1229,2156,2753,2394,3405,1135,4842,3102,5447,1362,98,1502,163,326,1600,751,33,392,1240,3101,3232,229,2971,2057,849,751
Valencia Late,2024,all,2024/04/02,97,71.78,0.74,180,108,91,138,1802,1986,405,225,2022,1860,312,681,1432,2746,1217,3103,2082,1767,2435,2867,886,822,77,732,1014,1233,1027,1040,1207,745,1207,732,1079,488,1079,103
Valencia Late,2024,all,2024/04/03,167,116.9,0.7,120,72,81,144,2831,728,591,1471,1471,646,1071,2243,1052,615,4224,276,2112,3857,1332,918,1040,1296,1449,273,597,443,51,989,426,85,716,1517,631,85,1620,1500
Valencia Late,2024,all,2024/04/04,242,171.82,0.71,260,156,152,251,1365,2978,2409,2778,711,240,797,1588,792,817,2489,2696,3028,2779,3277,207,1039,189,397,1323,1795,624,869,265,775,1323,1247,132,1039,699,1569,1191
Valencia Late,2024,all,2024/04/05,373,283.48,0.76,290,174,191,332,1848,719,829,560,266,1790,1561,2143,1568,1792,1930,965,724,434,4632,4391,942,1075,909,1075,926,744,99,959,1174,1471,479,1058,347,992,380,446
Valencia Late,2024,all,2024/04/06,301,195.65,0.65,340,204,196,320,1553,2886,481,1766,2030,1753,971,1053,2915,2961,5720,2987,64,5339,1335,2924,884,614,1915,1793,1965,516,25,270,761,295,2358,2382,1719,688,1645,540
Valencia Late,2024,all,2024/04/07,245,173.95,0.71,180,108,121,212,1534,1486,1471,1116,860,1623,627,972,2009,2573,942,3433,3500,4779,1481,135,589,1915,2021,1094,189,105,1810,2021,232,1410,1726,358,63,63,631,42
Valencia Late,2024,all,2024/04/08,409,290.39,0.71,320,192,210,364,2424,630,573,915,590,1464,1638,872,2126,467,2686,865,2238,2268,2298,1343,979,979,63,1217,88,1230,25,100,1217,402,966,941,1180,891,841,577
Valencia Late,2024,all,2024/04/09,59,44.84,0.76,110,66,56,84,2616,1509,885,2128,1144,1597,1221,2885,2904,2357,2501,10873,435,3480,326,1631,28,2163,1886,804,749,111,1886,388,610,2745,111,416,1664,2524,1914,1248
Valencia Late,2024,all,2024/04/10,261,193.14,0.74,190,114,128,226,1274,501,1965,1960,1811,1511,2009,595,787,2475,1084,4476,2921,942,4523,942,738,377,1406,1406,1544,909,1424,1235,1338,1063,34,377,600,343,1578,515
Valencia Late,2024,all,2024/04/11,327,235.44,0.72,350,210,205,338,1280,2207,201,1957,2185,1686,2853,1994,1372,2975,3086,1420,3478,3282,3869,3575,2027,1508,1829,1310,1335,692,395,1928,1755,1211,667,618,643,99,1285,1409
Valencia Late,2024,all,2024/04/12,292,230.68,0.79,210,126,142,251,721,1730,1384,2712,2222,2642,1398,1992,1017,875,551,5234,1322,771,5234,3581,813,981,48,478,1674,1052,24,1602,981,526,646,1794,1794,1674,1411,1196
Valencia Late,2024,all,2024/04/13,342,232.56,0.68,380,228,220,361,1651,2379,2916,331,859,2361,2516,675,2925,2245,2572,264,3033,2901,3956,6132,1772,697,1693,976,916,1832,458,936,378,1912,1294,1274,956,1095,737,1932
Valencia Late,2024,all,2024/04/14,137,105.49,0.77,220,132,115,178,3000,2274,477,359,413,1456,1108,2228,2029,298,1923,3526,1425,3170,2565,1033,1019,233,146,1179,1238,1252,1456,1456,1179,248,1456,568,102,568,903,641
Valencia Late,2024,all,2024/04/15,120,82.8,0.69,170,102,92,145,2117,1260,1452,2126,1762,944,1157,699,438,2063,3388,2795,1821,3600,1567,847,418,564,251,501,1838,543,1045,334,773,689,1441,919,1337,1170,209,1985
Valencia Late,2024,all,2024/04/16,138,89.7,0.65,190,114,104,164,1422,2552,869,2226,2230,362,1148,503,1916,1965,3321,4230,2229,1274,1865,2274,1140,257,257,1710,1881,713,1967,1739,86,114,171,912,1197,1767,428,855
Valencia Late,2024,all,2024/04/17,446,356.8,0.8,360,216,233,403,1495,240,2361,2759,919,2200,816,2623,2191,1732,6241,4577,2080,485,1942,2011,476,1119,738,738,548,810,667,1429,881,857,1691,2381,310,24,2286,2381
Valencia Late,2024,all,2024/04/18,364,287.56,0.79,410,246,237,387,334,1704,1076,1329,1856,386,1343,291,1229,2773,2846,2152,2985,1111,937,2291,727,498,700,1091,256,1225,1212,1158,417,1212,646,1172,27,687,660,633
Valencia Late,2024,all,2024/04/19,243,172.53,0.71,180,108,121,212,519,674,404,394,1990,843,1454,536,2546,750,374,2091,1810,3027,1685,1123,1178,767,1055,849,493,178,795,164,630,247,1343,1055,329,178,630,219
Valencia Late,2024,all,2024/04/20,89,61.41,0.69,150,90,78,120,740,337,1563,1396,841,2302,1911,272,1525,1848,2907,1801,63,3160,1643,3160,447,33,695,331,1656,1258,1590,695,977,381,679,745,215,1176,679,1176
Valencia Late,2024,all,2024/04/21,137,102.75,0.75,200,120,107,168,640,422,822,1277,770,327,303,495,729,2691,936,1871,1759,674,1871,1366,184,401,899,227,823,11,455,974,346,357,585,974,1072,466,444,260
Valencia Late,2024,all,2024/04/22,224,150.08,0.67,170,102,113,197,521,1428,2394,2286,389,1921,2768,2877,1660,248,1638,2730,3495,3495,1802,3331,1742,466,1301,1104,417,245,1227,1301,515,564,785,147,2356,2405,466,1448
Valencia Late,2024,all,2024/04/23,138,96.6,0.7,230,138,120,184,506,978,2323,1006,1324,923,230,1369,1584,2059,941,507,217,1230,4052,5355,1392,169,19,1035,884,508,1166,1862,489,188,245,602,1674,922,621,527
Valencia Late,2024,all,2024/04/24,387,294.12,0.76,290,174,193,338,2096,1508,563,1379,2600,1333,656,2405,848,2261,3719,2324,1433,2828,2634,2711,962,565,921,2092,1925,795,983,377,21,105,921,690,1339,2029,774,1151
Valencia Late,2024,all,2024/04/25,215,165.55,0.77,250,150,143,232,1604,1777,2912,1878,1024,1756,2162,1900,209,2495,5781,1051,6982,3003,751,150,1309,1242,268,604,671,1544,1309,1208,470,369,872,671,839,2181,1544,2617
Valencia Late,2024,all,2024/04/26,75,59.25,0.79,130,78,67,102,1713,2720,1403,1190,2304,1325,1695,1563,581,1324,2371,2254,2526,3187,2138,3342,1526,18,323,1221,1005,1041,1670,898,970,826,198,1347,682,1760,682,1652
Valencia Late,2024,all,2024/04/27,383,256.61,0.67,420,252,245,402,2495,1568,1617,1232,1694,2460,1987,1313,2724,1585,3379,594,3561,3835,3653,3653,1960,1728,1857,696,464,567,2373,1316,1316,2476,825,232,129,1109,825,800
Valencia Late,2024,all,2024/04/28,122,87.84,0.72,180,108,96,151,2838,1688,1937,1808,1281,1102,2853,1105,601,1569,3202,3754,1491,2153,1214,4968,1719,481,17,1496,1152,516,1307,172,1118,619,774,1427,1685,1427,1651,1221
Valencia Late,2024,all,2024/04/29,315,245.7,0.78,240,144,159,278,475,564,892,636,448,1740,2092,1151,1103,2013,2585,2488,1260,291,2649,1842,547,70,154,266,378,603,280,406,981,995,729,1205,1402,1121,659,1318
Valencia Late,2024,all,2024/04/30,454,340.5,0.75,380,228,243,417,1395,1963,1588,1490,579,2896,1706,2208,1523,453,3745,731,1233,4567,4430,1096,1832,979,1666,1145,1603,979,354,104,541,687,1561,687,874,1478,187,1124
Valencia Late,2024,all,2024/05/01,165,107.25,0.65,220,132,121,192,791,999,1108,338,2142,2604,2974,561,2559,2973,5661,599,2664,4062,3530,533,1316,884,1357,1686,638,1769,1111,1913,144,206,452,596,165,1440,1830,1542
Valencia Late,2024,all,2024/05/02,293,199.24,0.68,310,186,183,302,2660,2273,2671,711,1669,754,1847,682,1875,1182,1124,4732,1833,3667,651,4318,791,387,1481,808,1144,875,909,1330,942,202,791,1599,1532,1094,808,1633
Valencia Late,2024,all,2024/05/03,247,175.37,0.71,190,114,125,218,1328,2837,250,1690,2443,304,1720,2314,2498,988,1850,6713,1918,3905,1233,754,340,1861,1441,480,1281,60,1621,1621,1341,941,1521,140,560,1521,781,861
Valencia Late,2024,all,2024/05/04,385,257.95,0.67,420,252,245,402,1438,1857,217,1200,1830,2671,457,304,909,1864,3840,267,320,1227,4693,2400,1565,1006,1166,1470,304,911,895,383,272,1006,559,176,655,240,1150,990
Valencia Late,2024,all,2024/05/05,481,336.7,0.7,390,234,252,436,1136,2065,1106,2659,273,2113,527,1887,509,1031,1527,2512,1595,2716,2478,2478,91,127,979,73,526,852,1178,689,870,544,1758,1269,1396,1305,290,1360
Valencia Late,2024,all,2024/05/06,498,338.64,0.68,520,312,308,509,2906,663,2299,1957,447,2388,2296,1397,1458,1969,3900,2600,2097,2642,3984,2558,212,517,1058,1482,1176,1929,776,400,2187,259,1788,823,141,988,2023,2023
Valencia Late,2024,all,2024/05/07,388,275.48,0.71,300,180,198,344,1103,1049,1354,1085,1497,781,3000,997,613,788,818,1022,307,4345,1073,4702,773,999,186,812,1079,852,986,799,67,1265,386,466,626,972,972,1026
Valencia Late,2024,all,2024/05/08,149,119.2,0.8,210,126,114,180,237,2341,2800,2049,1585,1728,809,281,274,2975,3069,3692,2624,3603,2046,44,1365,975,1053,897,546,1814,20,410,351,683,1892,371,663,1541,644,1853
Valencia Late,2024,all,2024/05/09,227,170.25,0.75,180,108,117,204,718,1058,2287,1317,1393,412,2342,1872,1015,2443,2522,1025,3862,79,3823,3547,532,735,938,913,51,1445,659,2409,127,710,786,1344,279,2333,938,659
Valencia Late,2024,all,2024/05/10,293,190.45,0.65,330,198,191,312,1050,1450,479,2627,1309,2478,2425,2515,2377,2161,250,3499,1875,3749,2000,7498,1440,1660,732,2319,293,1709,1269,781,1733,2002,1562,977,49,928,1099,317
Valencia Late,2024,all,2024/05/11,335,261.3,0.78,270,162,175,302,774,2566,2935,2387,1594,1555,2914,2929,2782,2014,2122,6813,2122,1005,10164,223,1470,254,1357,2460,1923,368,2403,707,141,1583,848,1272,2064,2658,226,2714
Valencia Late,2024,all,2024/05/12,197,149.72,0.76,240,144,135,218,1323,2786,1971,2122,1531,1132,1034,2177,2095,2606,4400,248,5453,1487,3099,4090,1046,378,1482,494,1831,581,174,2703,320,901,1773,1366,1163,2383,901,1279
Valencia Late,2024,all,2024/05/13,197,130.02,0.66,160,96,103,178,1941,1514,1151,1520,1445,751,1082,2410,486,714,2505,2261,2413,2383,2963,489,541,488,343,898,911,858,1201,1307,1227,620,1095,1241,832,356,145,950
Valencia Late,2024,all,2024/05/14,448,327.04,0.73,490,294,286,469,2955,813,528,1700,2106,2298,1538,1965,788,267,2779,3010,2593,648,4260,1667,1036,501,518,760,881,1192,328,812,1658,1554,86,1174,1226,1054,1434,743
Valencia Late,2024,all,2024/05/15,473,368.94,0.78,380,228,247,426,2863,1787,674,1724,2927,2241,1441,2584,2364,2705,2869,2623,2295,5409,7377,738,883,1921,1557,363,727,286,519,1038,2077,1194,1999,2362,1168,1869,1350,1999
Valencia Late,2024,all,2024/05/16,338,246.74,0.73,400,240,228,369,325,316,2752,700,461,2508,1998,1110,486,1775,285,1753,1345,2445,3424,3179,1100,598,503,584,679,1263,910,625,353,788,1236,856,625,109,1128,1073
Valencia Late,2024,all,2024/05/17,499,329.34,0.66,420,252,268,460,2582,1349,372,2457,234,224,2912,272,750,2405,3965,3368,639,853,639,4093,901,679,727,1485,1027,1438,679,1343,32,1501,63,16,837,727,822,1280
Valencia Late,2024,all,2024/05/18,315,214.2,0.68,350,210,203,332,2666,1645,2589,2521,1806,1641,1700,483,586,1961,4138,2683,1592,1228,4365,3592,365,1410,170,2139,1945,778,632,146,1677,2333,486,438,2309,194,1069,1507
Valencia Late,2024,all,2024/05/19,235,164.5,0.7,180,108,119,208,2863,1942,752,282,268,400,310,1747,1271,928,2631,2206,904,2259,1196,1568,1186,730,495,1108,456,847,495,769,1264,508,665,1069,52,391,508,222
Valencia Late,2024,all,2024/05/20,177,125.67,0.71,230,138,127,204,343,1038,2628,524,440,2834,2196,1794,2921,786,4470,170,3508,4187,3056,113,1605,1295,1186,201,109,839,1240,1131,1058,1642,967,73,73,1605,1696,784
Valencia Late,2024,all,2024/05/21,82,65.6,0.8,140,84,72,111,2777,2927,1558,2731,334,2614,212,1921,2486,1876,3749,3518,5191,4845,1788,346,515,1257,289,2041,1443,1072,1649,1979,1917,1587,557,1731,639,907,1505,350
Valencia Late,2024,all,2024/05/22,81,59.94,0.74,120,72,64,100,296,2205,1836,1036,1245,1856,1545,1482,2466,1536,1891,2458,2789,520,3876,3970,462,42,1007,1091,1406,1154,210,2056,1867,294,965,1720,986,252,797,1196
Valencia Late,2024,all,2024/05/23,252,171.36,0.68,290,174,166,271,907,435,311,1235,1289,806,354,1082,2282,2328,74,3035,2702,2887,703,1628,469,181,469,307,1173,668,1805,1643,560,650,379,1318,1029,289,36,54
Valencia Late,2024,all,2024/05/24,294,217.56,0.74,220,132,147,257,860,415,2488,2290,2205,451,332,2507,1020,2549,2460,900,3119,2400,1320,4919,1431,1348,1866,809,601,1846,270,726,456,1037,228,145,1224,975,705,1452
Valencia Late,2024,all,2024/05/25,201,142.71,0.71,250,150,140,226,559,1701,913,995,825,2839,2828,1080,711,1935,3692,3819,1103,2334,594,2843,1157,1488,90,706,1323,556,1233,346,1293,1473,797,917,105,1157,1383,361
Valencia Late,2024,all,2024/05/26,213,157.62,0.74,170,102,111,192,2480,677,2832,2418,1739,436,1973,522,1714,1488,885,817,4564,1703,1771,6539,22,1826,1474,1298,1540,418,1364,902,308,22,572,616,924,1936,2090,968
Valencia Late,2024,all,2024/05/27,420,323.4,0.77,460,276,268,440,1881,1627,536,1477,695,1512,2454,2261,1820,2887,4664,3207,2138,1458,2429,3255,2047,1524,1024,546,614,341,455,1865,136,1160,227,1183,1865,2047,1456,660
Valencia Late,2024,all,2024/05/28,233,184.07,0.79,190,114,123,212,2536,1271,1354,311,2541,2854,2806,1500,923,1160,3629,3548,2903,3709,282,3185,1561,904,805,1578,1364,1364,953,1479,427,1430,1331,1479,214,427,1118,822
Valencia Late,2024,all,2024/05/29,78,60.06,0.77,130,78,68,104,1695,477,2622,1980,1644,2087,1185,691,2443,2001,4162,2327,358,3490,3893,2595,1929,915,1631,259,278,457,1511,1531,398,1710,179,477,1273,1850,696,1730
Valencia Late,2024,all,2024/05/30,340,258.4,0.76,280,168,180,310,1092,1580,325,582,660,2351,460,2072,290,2825,2806,234,779,1091,3429,3897,195,330,555,825,750,1320,450,1275,255,1260,765,915,1095,1500,480,270
Valencia Late,2024,all,2024/05/31,178,124.6,0.7,230,138,128,204,819,1146,588,2845,672,1281,1918,2943,1815,2782,1948,4617,216,6637,794,2597,1928,1338,1043,1520,1611,113,363,749,1157,975,771,2155,45,2042,612,386
Valencia Late,2024,all,2024/06/01,178,138.84,0.78,200,120,116,189,2734,1630,832,2463,2245,2512,2598,904,1283,852,4534,168,3611,1763,4618,3359,164,188,845,2207,916,1080,1596,1714,1808,1080,1925,1362,728,657,1268,516
Valencia Late,2024,all,2024/06/02,470,333.7,0.71,410,246,258,440,418,1466,1941,623,2939,1470,1187,2332,1340,246,1643,735,4193,1859,2118,3415,1617,1111,1551,735,196,1519,555,1160,1274,1551,490,784,653,49,229,490
Valencia Late,2024,all,2024/06/03,103,80.34,0.78,160,96,85,132,2174,387,1179,1021,1434,786,406,2107,2284,1204,1119,6342,3283,224,1343,671,1272,1000,621,848,727,636,409,985,833,273,1348,1106,151,1151,1469,151
Valencia Late,2024,all,2024/06/04,439,285.35,0.65,380,228,240,410,1351,1287,2299,1208,1786,1410,2368,600,2780,402,2573,4395,1340,2841,1554,2787,1006,213,348,1199,1122,1102,1064,1702,1914,135,271,348,1934,735,928,1470
Valencia Late,2024,all,2024/06/05,88,65.12,0.74,140,84,74,114,2771,1920,1014,2441,1861,1109,445,1431,1704,674,6650,1552,369,813,4064,1921,1659,1735,1339,415,943,1716,1471,170,1584,566,264,1263,679,905,377,283
Valencia Late,2024,all,2024/06/06,294,211.68,0.72,250,150,159,272,1005,2219,2097,907,2025,1992,1963,1620,486,1742,5233,72,1075,5304,645,3727,606,1496,587,1666,682,814,947,1382,1856,1231,38,1041,95,890,1780,947
Valencia Late,2024,all,2024/06/07,323,213.18,0.66,370,222,213,346,1823,390,1072,881,1291,1796,1258,1104,2213,2354,1081,3107,2296,585,2881,4232,323,661,925,866,103,998,573,1072,1351,734,1263,1116,1160,308,1336,1395
Valencia Late,2024,all,2024/06/08,385,277.2,0.72,320,192,205,352,632,1718,245,2225,2363,2201,1562,2735,886,1111,5821,3705,1852,2117,1588,595,1341,223,689,1080,950,447,857,354,1843,950,1192,521,1564,801,1657,1210
Valencia Late,2024,all,2024/06/09,438,350.4,0.8,480,288,280,459,754,1946,909,1459,1824,822,1197,902,1991,1881,3421,2502,2134,1472,1251,2906,1326,1033,994,1638,1150,1072,390,1092,292,1150,448,721,175,1716,175,312
Valencia Late,2024,all,2024/06/10,155,117.8,0.76,200,120,111,178,1702,610,654,2204,1397,1685,1681,299,564,261,1044,1044,4556,1993,95,2325,1380,698,317,825,32,428,1222,857,63,254,873,1079,920,1475,333,301
Valencia Late,2024,all,2024/06/11,92,73.6,0.8,150,90,78,121,330,1346,1707,634,2689,2694,1265,1206,1012,1417,1535,2709,2469,2860,2589,2137,1658,1675,542,169,609,1252,558,1591,135,1405,474,745,491,609,965,1421
Valencia Late,2024,all,2024/06/12,492,383.76,0.78,420,252,266,456,1169,1466,1247,1760,892,1816,1422,2633,2180,400,194,4074,4219,145,3395,2958,1003,805,836,562,988,1505,198,1429,1170,258,1018,426,821,1459,1231,1277
Valencia Late,2024,all,2024/06/13,81,52.65,0.65,130,78,68,106,2825,410,2494,1350,2458,1248,1836,440,1653,2539,3584,4799,3584,3159,1944,182,356,303,855,659,1408,446,873,1354,1497,1497,1123,1586,339,1729,1729,1497
Valencia Late,2024,all,2024/06/14,426,310.98,0.73,380,228,237,403,871,1158,1442,1335,1913,1253,344,2019,365,2403,1872,624,2418,1131,3822,3237,1098,1312,1298,1017,816,468,1325,910,147,1111,776,214,54,642,669,1245
Valencia Late,2024,all,2024/06/15,307,214.9,0.7,350,210,201,328,1819,1618,2608,918,2677,2046,1684,334,561,1445,3528,3979,1682,2051,3774,697,380,1656,2081,604,1544,1164,1589,649,1544,1097,448,380,112,515,895,1052
Valencia Late,2024,all,2024/06/16,371,278.25,0.75,310,186,198,340,1668,1348,1629,2192,856,1275,2589,2607,2808,2553,5217,870,790,5296,6877,474,1527,1218,1372,1469,445,1585,947,754,1546,1199,1334,1701,561,1063,1701,1102
Valencia Late,2024,all,2024/06/17,475,323,0.68,520,312,303,498,2617,2748,2498,2787,2400,1113,2874,395,1308,2825,696,3710,2937,6879,3092,4251,189,378,2838,568,977,2365,126,1356,3058,914,1955,284,1356,1703,3090,410
Valencia Late,2024,all,2024/06/18,107,78.11,0.73,170,102,89,138,1580,1498,1636,1870,2174,1127,2715,2301,1968,618,899,6013,1521,3871,4493,691,579,2108,301,1019,1668,23,695,162,602,1459,602,2085,1065,2316,1830,973
Valencia Late,2024,all,2024/06/19,341,242.11,0.71,290,174,184,316,1197,1658,459,2470,2916,1862,2369,2374,1220,2702,4695,3521,3745,3689,1341,2236,1675,1377,367,1445,1583,2271,184,390,1078,1170,711,2157,1721,1262,459,1377
Valencia Late,2024,all,2024/06/20,408,297.84,0.73,450,270,262,429,2344,1590,1298,2269,2094,1149,1064,2783,1056,1396,572,4469,3222,2390,3170,3222,791,1808,1854,1356,1334,543,1786,497,1854,701,384,2148,565,68,23,1334
Valencia Late,2024,all,2024/06/21,169,131.82,0.78,210,126,118,190,540,316,1955,2532,1495,2615,2084,2468,2152,2082,1211,3776,6412,4417,784,1639,445,1616,773,94,2037,2248,492,1335,890,1850,445,398,1990,1662,187,1779
Valencia Late,2024,all,2024/06/22,317,218.73,0.69,270,162,171,294,768,1137,623,2104,2641,2838,2582,957,2507,1922,2108,2555,4216,1214,2619,5366,2148,297,183,2240,1623,160,1303,1600,1486,1897,663,69,2217,1097,480,617
Valencia Late,2024,all,2024/06/23,480,374.4,0.78,530,318,308,505,859,2512,2585,1996,251,1815,2315,2242,2965,662,2756,5627,5742,287,3158,632,1823,1420,213,592,521,2320,686,1018,1539,2059,876,1988,1041,402,923,781
Valencia Late,2024,all,2024/06/24,132,100.32,0.76,180,108,98,156,868,752,2500,2012,822,2833,2437,651,1113,855,1115,2807,2423,2653,2000,3845,329,1315,1405,1226,433,1271,822,673,1151,912,628,1196,1016,1211,837,419
Valencia Late,2024,all,2024/06/25,141,111.39,0.79,190,114,104,166,634,1635,2115,231,2494,2951,2868,2795,2281,2599,3592,813,4337,6710,339,4812,1084,279,2974,1239,1146,1766,2726,744,186,898,1270,2541,960,1952,93,744
Valencia Late,2024,all,2024/06/26,434,329.84,0.76,380,228,239,407,904,1793,2076,2564,1299,588,674,2838,2931,1759,3613,1417,1700,2975,6942,779,903,238,309,2163,618,71,1664,1831,71,1569,2306,428,309,2306,927,1712
Valencia Late,2024,all,2024/06/27,448,313.6,0.7,490,294,286,469,1347,2968,1096,769,1202,1200,2580,1209,2554,280,1442,983,1901,3080,3277,4522,21,1576,192,1342,1427,1704,43,1491,916,1874,788,1150,532,213,1917,21
Valencia Late,2024,all,2024/06/28,149,99.83,0.67,200,120,110,174,2956,2599,1766,2838,2694,1396,2176,428,1334,2739,2050,5723,598,1110,4612,6833,1252,1481,1565,1147,1836,1899,1690,1919,1857,21,42,709,1231,1606,1356,1314
Valencia Late,2024,all,2024/06/29,103,80.34,0.78,160,96,85,132,904,473,1490,2291,586,979,1350,1470,2906,2854,5797,2009,77,4251,1700,1468,873,681,1213,532,1958,596,1234,1362,277,958,170,2107,575,1298,1000,468
Valencia Late,2024,all,2024/06/30,446,289.9,0.65,400,240,249,423,2087,2365,1578,303,1337,1179,771,2007,778,2962,831,2677,4615,1523,3369,2354,651,524,217,561,1284,1374,1374,416,850,669,1085,1718,1627,235,1284,1501
Valencia Late,2025,all,2025/04/01,222,170.94,0.77,150,90,104,186,529,2230,2899,327,2574,1000,1252,895,2794,984,3842,3337,1242,1087,2678,3299,1322,837,859,1432,1101,374,242,881,441,1211,969,1674,1938,617,1476,110
Valencia Late,2025,all,2025/04/02,97,68.87,0.71,180,108,91,138,1803,2496,1222,833,2691,429,1553,2529,2303,1976,2542,1766,4093,3274,2369,3791,1849,861,1697,1089,1089,127,608,203,1292,2331,1115,177,1773,431,963,2229
Valencia Late,2025,all,2025/04/03,167,131.93,0.79,120,72,81,144,276,1173,613,1791,810,2589,941,2530,2767,2146,49,4238,3264,1072,4774,2241,25,917,2379,446,818,1561,198,223,1313,1883,892,1859,1165,1165,248,545
Valencia Late,2025,all,2025/04/04,242,157.3,0.65,260,156,152,251,1138,2963,1153,2325,953,691,2679,434,576,2414,963,3722,2846,3021,3897,876,1519,1026,1420,355,1755,1854,1144,986,572,1006,1341,375,671,414,79,809
Valencia Late,2025,all,2025/04/05,373,261.1,0.7,290,174,191,332,2077,518,729,2325,1714,2022,2110,1315,2177,670,723,2264,2794,3469,1734,4673,1352,18,1439,351,1510,1211,720,1632,983,1123,1685,1071,140,597,1316,509
Valencia Late,2025,all,2025/04/06,301,237.79,0.79,340,204,196,320,420,2649,2065,2885,2804,755,836,1657,2665,763,4646,206,2839,4284,4491,1032,271,1157,1870,1427,2092,1132,738,960,1034,1034,221,1797,1058,1427,98,1181
Valencia Late,2025,all,2025/04/07,245,166.6,0.68,180,108,121,212,1238,2630,2172,711,2118,2820,2233,1731,1529,2684,2234,1436,718,6143,3431,5904,142,1539,166,71,2273,1563,1326,1823,2368,1350,1657,829,521,1705,1018,1515
Valencia Late,2025,all,2025/04/08,409,298.57,0.73,320,192,210,364,1050,549,1389,798,1350,1552,1107,2906,1905,1488,2956,2338,4331,2819,619,1031,1104,1413,1039,211,130,601,1445,1250,1315,926,1299,698,942,65,796,861
Valencia Late,2025,all,2025/04/09,59,41.3,0.7,110,66,56,84,1640,774,2979,467,1883,864,1075,286,2848,753,158,1795,5280,106,3643,2587,1219,536,1463,293,293,390,1495,715,1349,1300,715,1154,488,634,65,1463
Valencia Late,2025,all,2025/04/10,261,203.58,0.78,190,114,128,226,2441,2418,506,538,2126,2169,2038,2131,2451,257,2683,1037,3781,3842,4330,1403,1942,1362,1406,1071,1607,402,938,156,1473,223,670,2121,670,1563,1317,156
Valencia Late,2025,all,2025/04/11,327,238.71,0.73,350,210,205,338,1593,2263,1561,417,2610,1447,2015,2183,1479,1606,4330,584,2773,4427,3016,2043,1565,1447,430,1584,743,1076,528,1076,313,1428,1917,1213,450,1193,880,1330
Valencia Late,2025,all,2025/04/12,292,201.48,0.69,210,126,142,251,1259,2444,2508,2179,1314,590,471,2532,1233,1941,711,4870,2955,1861,4597,1477,1806,311,1748,1826,1301,19,816,1029,175,758,1690,1029,155,1593,699,1515
Valencia Late,2025,all,2025/04/13,342,229.14,0.67,380,228,220,361,2537,1640,2812,1028,2546,2034,1044,2109,633,1192,641,5773,1219,1604,2566,5773,1157,1900,1342,475,2065,682,1012,1756,103,950,248,640,1508,682,1446,1611
Valencia Late,2025,all,2025/04/14,137,90.42,0.66,220,132,115,178,559,884,2063,1836,314,1654,847,1281,2853,2572,1325,3408,3834,284,1420,4591,91,291,310,783,1402,1239,1639,710,1475,492,346,346,1184,1530,1530,1493
Valencia Late,2025,all,2025/04/15,120,78,0.65,170,102,92,145,1401,2425,1752,474,1412,2796,1190,2831,1141,1821,2531,2267,4113,1740,4851,1740,1521,254,668,1890,1752,715,1383,922,184,1544,1752,277,1199,161,1291,1729
Valencia Late,2025,all,2025/04/16,138,109.02,0.79,190,114,104,164,470,1326,2443,2471,1012,666,2479,1499,2678,1982,2472,281,1292,3484,4945,4552,398,1494,1792,465,100,1228,1294,166,1062,1693,2655,531,664,299,2556,631
Valencia Late,2025,all,2025/04/17,446,338.96,0.76,360,216,233,403,1126,439,594,2608,1931,1170,725,2832,2629,1859,2922,3078,3913,3443,783,1774,1378,1194,1599,368,1819,864,1360,110,698,753,92,386,1635,1323,1801,533
Valencia Late,2025,all,2025/04/18,364,273,0.75,410,246,237,387,2716,212,525,1545,2315,1508,2218,834,2868,527,2382,2811,351,3827,3358,2538,1571,795,129,1331,1405,795,55,1756,721,462,1590,832,1109,1700,259,758
Valencia Late,2025,all,2025/04/19,243,187.11,0.77,180,108,121,212,2295,1220,1032,1252,1888,1096,2576,2752,2691,1429,1545,2163,5021,4326,4867,309,355,1661,1474,1773,1269,616,578,187,93,1288,616,1773,1847,1679,1791,1232
Valencia Late,2025,all,2025/04/20,89,68.53,0.77,150,90,78,120,843,2172,2336,1619,863,2788,461,1476,1746,2367,670,201,1741,6227,2343,5490,1110,1189,829,1470,673,407,1079,798,1517,1017,1204,250,1204,1533,1095,1298
Valencia Late,2025,all,2025/04/21,137,108.23,0.79,200,120,107,168,1778,1470,767,612,2514,1045,676,1458,2158,2652,2758,487,1541,3529,3975,2839,1955,89,333,400,267,1444,644,311,1266,977,1200,2044,644,555,1000,1999
Valencia Late,2025,all,2025/04/22,224,165.76,0.74,170,102,113,197,541,1078,1014,2571,2894,1593,705,683,1590,1034,1001,563,2565,3316,4881,1377,384,1016,1964,1287,181,903,293,655,2145,790,45,700,361,1513,497,971
Valencia Late,2025,all,2025/04/23,138,95.22,0.69,230,138,120,184,2660,2964,2507,522,2413,1457,2099,2035,922,2609,5428,2440,1952,2928,2745,4696,1200,508,1870,1525,285,183,1606,1728,1748,1789,1870,1769,1931,264,1687,224
Valencia Late,2025,all,2025/04/24,387,297.99,0.77,290,174,193,338,575,1304,2668,2331,536,2373,2273,2561,1304,1180,2944,1938,3540,3093,2087,3503,1398,355,177,1043,1841,1753,377,1620,1797,333,643,1664,1775,599,1331,399
Valencia Late,2025,all,2025/04/25,215,144.05,0.67,250,150,143,232,729,2695,901,2377,366,2140,299,640,1433,1731,595,2849,1106,2296,2254,4210,1562,1494,1409,17,1307,560,289,119,51,1494,781,1256,458,1256,1239,17
Valencia Late,2025,all,2025/04/26,75,57,0.76,130,78,67,102,1155,1418,393,282,2581,1818,2184,1901,202,2996,878,3704,2864,3742,2062,1680,742,1484,1408,545,91,1166,469,1060,1121,500,1423,1211,681,151,1469,1408
Valencia Late,2025,all,2025/04/27,383,287.25,0.75,420,252,245,402,1822,1038,2347,1684,2452,2317,2789,1040,1621,1515,710,532,4080,8248,798,4257,1735,1819,146,1317,21,1568,1233,815,1902,1275,1024,711,1380,1610,1003,1066
Valencia Late,2025,all,2025/04/28,122,92.72,0.76,180,108,96,151,1853,2677,2752,1229,1040,1337,683,2314,1825,2413,4562,5116,5486,1233,123,1603,592,254,2030,550,1713,1396,2051,2094,1819,127,317,381,1501,571,1290,1438
Valencia Late,2025,all,2025/04/29,315,252,0.8,240,144,159,278,2353,2730,1420,1790,2326,1209,2718,955,471,2116,2172,3676,3634,2256,3843,2506,104,644,1350,1308,1848,1703,2035,1537,2014,83,104,1640,706,1391,1350,270
Valencia Late,2025,all,2025/04/30,454,335.96,0.74,380,228,243,417,1031,2720,2010,2879,1484,1343,1719,1406,1973,2949,58,1390,4343,3764,4574,5385,293,125,1799,1297,1276,1297,1861,774,2050,1255,1569,1987,1778,209,1903,42
Valencia Late,2025,all,2025/05/01,165,123.75,0.75,220,132,121,192,2446,543,2504,1513,1682,954,2659,1139,1673,2150,3250,2843,474,1151,4739,4807,1590,1841,1590,418,2566,139,2036,84,976,865,920,837,139,837,2231,195
Valencia Late,2025,all,2025/05/02,293,213.89,0.73,310,186,183,302,339,556,1675,2891,849,1025,946,583,1831,371,873,2805,1527,2431,499,2930,33,507,638,1375,82,786,1097,1293,655,671,344,1424,802,769,131,458
Valencia Late,2025,all,2025/05/03,247,175.37,0.71,190,114,125,218,1189,237,1851,2489,2824,1759,1512,2792,1411,2204,2965,2806,794,5295,1589,4819,148,542,1578,2342,961,2268,468,1602,1208,1011,271,1405,1750,320,1578,814
Valencia Late,2025,all,2025/05/04,385,277.2,0.72,420,252,245,402,400,591,1831,2287,646,2616,2093,1519,717,1108,2248,2747,3390,1677,1713,2034,466,1559,257,1366,273,1463,418,659,772,1302,756,1141,997,1270,739,370
Valencia Late,2025,all,2025/05/05,481,317.46,0.66,390,234,252,436,1326,2041,1517,2576,2151,1059,1335,2594,2963,304,3732,397,2462,3970,4605,2700,451,2439,292,2412,1564,1511,1166,848,345,318,292,1590,159,1856,1034,1590
Valencia Late,2025,all,2025/05/06,498,323.7,0.65,520,312,308,509,1766,2783,896,1701,2914,714,2581,1582,1639,1927,1914,4254,496,4395,6097,1347,1521,1178,1153,1153,1423,1840,1914,761,1055,1006,2331,393,344,638,982,810
Valencia Late,2025,all,2025/05/07,388,259.96,0.67,300,180,198,344,2152,923,2233,541,1374,283,1662,271,1592,1853,3256,1628,1487,2513,2407,1593,453,950,964,847,964,1066,365,58,584,526,555,1052,1139,1315,1096,950
Valencia Late,2025,all,2025/05/08,149,105.79,0.71,210,126,114,180,2052,1826,2893,1747,1253,2177,1189,1300,1932,1633,2888,3133,6083,3994,492,1413,663,1558,66,2619,166,2453,265,497,1591,199,1525,2387,265,265,2089,1392
Valencia Late,2025,all,2025/05/09,227,181.6,0.8,180,108,117,204,1783,1050,457,539,988,2356,2160,2204,446,2730,1010,3847,2404,1827,914,4712,632,1321,1306,804,1120,1062,1034,947,502,459,1321,775,1321,775,402,933
Valencia Late,2025,all,2025/05/10,293,199.24,0.68,330,198,191,312,737,1871,1505,2667,1610,726,2582,1598,1848,1887,2014,2643,3775,3943,2014,2643,1563,1563,20,1068,1444,1444,59,1503,317,653,1306,1899,1325,950,1108,811
Valencia Late,2025,all,2025/05/11,335,261.3,0.78,270,162,175,302,2745,805,1219,1142,2797,2232,2380,2177,2560,2269,4313,1438,3966,3123,3371,4115,2093,1727,811,262,1543,1439,2381,157,2459,523,1256,2171,1125,549,1230,602
Valencia Late,2025,all,2025/05/12,197,153.66,0.78,240,144,135,218,1398,2988,929,880,2129,1167,1920,1167,2575,2118,3790,474,2929,3187,2800,4092,1456,1737,373,1531,1139,429,1232,1587,1158,1120,710,1232,560,747,542,1718
Valencia Late,2025,all,2025/05/13,197,135.93,0.69,160,96,103,178,831,1860,468,1059,414,1239,973,2173,461,2268,2488,1881,1909,1389,1418,2662,550,801,942,236,942,314,251,1194,644,1131,393,1209,1335,47,644,1115
Valencia Late,2025,all,2025/05/14,448,304.64,0.68,490,294,286,469,1520,2253,1471,290,2874,383,1866,897,2479,1618,2813,3427,2557,307,5064,1483,1159,1661,1639,219,918,306,284,1224,1618,656,612,240,219,1639,1880,1377
Valencia Late,2025,all,2025/05/15,473,307.45,0.65,380,228,247,426,2990,2119,354,2151,988,1724,2889,2693,2833,442,3402,4634,3226,2347,1643,3930,1721,1279,74,1377,2361,418,1549,1476,762,1377,246,393,2459,271,1476,1943
Valencia Late,2025,all,2025/05/16,338,219.7,0.65,400,240,228,369,250,1793,1234,1261,1975,938,982,1885,2233,952,2511,3746,494,1647,1276,3829,689,1486,906,507,689,779,1704,199,36,1722,72,1232,816,471,671,1522
Valencia Late,2025,all,2025/05/17,499,399.2,0.8,420,252,268,460,1872,2915,2764,1341,1238,1122,982,708,255,2937,4441,370,2368,1924,2146,4885,544,1200,784,752,1152,1168,1248,1136,928,1024,1056,128,1601,896,1200,1312
Valencia Late,2025,all,2025/05/18,315,211.05,0.67,350,210,203,332,2450,1500,2518,1790,1980,2696,2977,2757,558,2861,5967,5347,6277,3410,465,620,2332,2726,478,2641,1770,28,1545,421,506,1321,871,2107,955,1236,1264,1883
Valencia Late,2025,all,2025/05/19,235,176.25,0.75,180,108,119,208,1886,489,2210,2895,558,2211,1162,996,2691,470,1252,2667,1361,3919,2994,3375,1771,1537,39,1868,1557,895,1849,39,1635,1732,214,117,506,701,428,681
Valencia Late,2025,all,2025/05/20,177,139.83,0.79,230,138,127,204,1743,1129,1264,1545,2583,2595,333,2760,1540,2129,3542,2214,2125,5224,3630,885,1032,50,1611,1661,1787,1661,378,554,478,1485,1963,906,2517,1108,327,101
Valencia Late,2025,all,2025/05/21,82,55.76,0.68,140,84,72,111,1281,2521,1962,2522,308,271,2474,2732,2216,1866,5903,1206,762,2983,4633,2666,1442,2108,1465,1997,1065,865,399,1842,1221,666,666,1509,510,666,1531,200
Valencia Late,2025,all,2025/05/22,81,60.75,0.75,120,72,64,100,1839,707,1815,1741,2957,2037,1210,2292,2680,2984,2823,565,6148,2509,2823,5395,2215,547,465,1231,2461,1203,1012,2051,684,2324,1996,164,848,137,1039,1887
Valencia Late,2025,all,2025/05/23,252,183.96,0.73,290,174,166,271,1831,802,2479,1895,728,1271,1263,1790,927,974,2026,438,3996,4927,1095,1478,684,293,137,1818,1447,567,1681,1799,958,743,391,723,763,1427,411,117
Valencia Late,2025,all,2025/05/24,294,223.44,0.76,220,132,147,257,963,2365,1397,489,2683,1903,2048,635,2289,1689,4995,2327,1873,3235,2384,1646,621,605,739,1478,1394,17,1444,873,705,1512,1461,1260,420,1680,1428,823
Valencia Late,2025,all,2025/05/25,201,142.71,0.71,250,150,140,226,1719,2611,2363,860,1591,1683,2843,2970,503,1963,3719,2406,3719,6782,1896,583,2187,530,928,1171,751,2098,1855,1325,773,707,1016,1414,1502,1480,1347,22
Valencia Late,2025,all,2025/05/26,213,166.14,0.78,170,102,111,192,811,2875,1861,264,1443,2265,1233,1890,2316,1435,5579,344,551,6337,3444,138,87,130,1957,1391,544,1761,2152,674,848,1631,935,87,761,717,1739,978
Valencia Late,2025,all,2025/05/27,420,289.8,0.69,460,276,268,440,2588,2516,1932,2674,2691,2356,1824,1622,526,1909,7971,1281,3985,3843,996,2562,1491,426,980,958,1619,703,1470,1427,1853,1789,831,2066,1981,1619,1086,341
Valencia Late,2025,all,2025/05/28,233,184.07,0.79,190,114,123,212,1876,1865,298,2238,1653,2899,2731,368,1517,411,483,1547,1209,4399,4351,3867,72,1784,1297,1514,955,414,793,324,1477,1532,252,1279,577,1640,1658,288
Valencia Late,2025,all,2025/05/29,78,56.16,0.72,130,78,68,104,567,723,779,2633,2206,2245,1848,2271,525,2195,2250,1772,814,4309,4070,2777,1417,843,1743,575,1858,19,498,440,479,1360,1130,1015,996,38,1762,1819
Valencia Late,2025,all,2025/05/30,340,227.8,0.67,280,168,180,310,2513,789,419,973,1412,2752,2122,1786,1112,2879,1343,4605,1791,320,4157,4541,1537,1819,606,520,649,1948,1299,216,1797,541,2122,1580,216,303,238,1364
Valencia Late,2025,all,2025/05/31,178,131.72,0.74,230,138,128,204,3000,2998,2894,1707,1828,1723,2401,1720,1753,1397,3399,5691,1028,7272,158,3873,404,1736,95,1308,2163,1950,1569,571,1545,523,2282,975,1379,1522,2068,1331
Valencia Late,2025,all,2025/06/01,178,119.26,0.67,200,120,116,189,702,1961,1473,971,1951,1399,960,946,2848,1475,1884,1164,2549,5542,942,2605,843,1174,1571,678,298,1257,529,1488,413,1439,728,761,810,877,182,1637
Valencia Late,2025,all,2025/06/02,470,347.8,0.74,410,246,258,440,702,1069,395,2517,1378,2122,1757,1404,1470,2256,439,2113,3110,2990,2552,3867,325,1211,1464,1663,940,1102,1590,1301,1391,885,849,90,307,18,271,1663
Valencia Late,2025,all,2025/06/03,103,82.4,0.8,160,96,85,132,392,994,786,2040,1032,500,831,2996,2480,1850,2368,3281,676,3010,3315,1251,244,611,716,576,1292,1327,1118,1380,367,1240,297,157,1554,1030,1642,349
Valencia Late,2025,all,2025/06/04,439,333.64,0.76,380,228,240,410,2886,373,2557,1598,394,301,864,1914,1330,1215,1778,4247,1284,1086,2370,2667,1042,48,128,1234,385,1507,1411,1523,593,48,305,1170,1443,1010,289,1298
Valencia Late,2025,all,2025/06/05,88,57.2,0.65,140,84,74,114,2027,632,516,1628,1961,1757,1335,1247,1145,2306,1449,2476,5012,3080,966,1570,1500,1406,797,305,23,1055,445,164,2015,1922,1148,398,492,680,562,1640
Valencia Late,2025,all,2025/06/06,294,199.92,0.68,250,150,159,272,2334,841,2288,333,2980,1404,2438,2846,2631,2878,4285,2255,4285,4172,3721,2255,732,1799,671,457,2164,396,793,244,1372,1036,2530,975,2805,2469,2317,213
Valencia Late,2025,all,2025/06/07,323,226.1,0.7,370,222,213,346,1938,1050,1062,2483,253,737,2270,1675,1553,2859,3356,2664,2664,2041,3356,1799,1295,159,1022,1386,386,250,1545,114,1181,1568,1477,227,2022,2090,841,318
Valencia Late,2025,all,2025/06/08,385,261.8,0.68,320,192,205,352,2694,2874,1189,2073,1250,1360,2275,2555,1076,1594,5745,5745,2065,1616,3591,180,1563,2766,1744,511,932,2465,631,180,1774,150,210,1293,511,722,1203,2285
Valencia Late,2025,all,2025/06/09,438,306.6,0.7,480,288,280,459,896,2969,2070,834,1237,2061,680,1067,1165,1780,1254,3020,5414,4331,399,342,857,171,1697,823,206,1371,943,1234,171,1509,1491,1063,874,1011,1166,171
Valencia Late,2025,all,2025/06/10,155,108.5,0.7,200,120,111,178,2214,1470,951,2537,2841,686,2811,2872,1134,2604,8533,2964,3773,1168,1886,1796,206,823,2290,1364,720,1286,1467,926,1312,2367,1286,1698,849,1544,1158,823
Valencia Late,2025,all,2025/06/11,92,69,0.75,150,90,78,121,2475,1750,2810,2613,779,1272,665,1147,1031,211,3709,2894,3097,1141,3709,204,1885,770,122,790,122,1905,1094,649,426,1013,20,912,912,892,1885,1358
Valencia Late,2025,all,2025/06/12,492,388.68,0.79,420,252,266,456,2386,2087,2556,1734,754,2033,2891,671,2540,618,3636,3899,2366,1840,3943,2585,633,28,1046,83,1953,330,1568,2421,2256,110,1843,1348,550,1266,275,2559
Valencia Late,2025,all,2025/06/13,81,52.65,0.65,130,78,68,106,1335,2735,1000,1460,2435,2154,707,2662,2239,1565,655,4182,4485,4082,4031,857,685,2316,685,1394,284,1631,733,2174,1205,1489,922,449,118,2316,544,1347
Valencia Late,2025,all,2025/06/14,426,281.16,0.66,380,228,237,403,1993,2984,1384,1709,516,578,2431,201,659,1004,2527,2410,2733,1293,1998,2498,690,281,1124,77,1456,741,358,434,2299,2018,1507,1047,51,638,230,511
Valencia Late,2025,all,2025/06/15,307,208.76,0.68,350,210,201,328,2223,2474,284,485,2392,276,625,1149,2454,819,752,3671,1062,2477,2212,3008,1124,1493,546,883,498,209,562,610,1509,931,706,1317,1349,128,674,642
Valencia Late,2025,all,2025/06/16,371,270.83,0.73,310,186,198,340,487,1027,1054,2615,546,1780,490,1235,1831,765,4444,4023,1141,1321,240,661,257,1234,51,1012,171,857,206,154,1646,514,463,1286,1063,377,994,1543
Valencia Late,2025,all,2025/06/17,475,361,0.76,520,312,303,498,2034,432,326,2283,2583,1334,1136,2986,2024,1470,4914,1493,1120,3546,2364,3172,863,91,795,2022,1409,182,1000,523,1886,1181,2158,1909,68,136,1159,1227
Valencia Late,2025,all,2025/06/18,107,83.46,0.78,170,102,89,138,1636,2043,997,2037,1599,1543,305,230,1454,1323,2614,1307,968,3921,484,3873,973,612,63,157,1303,1444,1475,267,1083,879,1365,377,502,1114,1538,16
Valencia Late,2025,all,2025/06/19,341,235.29,0.69,290,174,184,316,2396,1640,2623,1588,842,2019,1124,1810,356,1537,5363,536,2758,1073,1456,4750,195,1234,758,1039,411,1905,2165,43,715,779,1234,238,1429,1775,1494,520
Valencia Late,2025,all,2025/06/20,408,289.68,0.71,450,270,262,429,678,2791,1573,1760,2808,1699,2132,2841,2571,1756,5308,5371,1749,4934,187,3060,1239,1141,554,848,1174,1989,1239,1304,1500,1043,1598,98,685,3196,1141,1859
Valencia Late,2025,all,2025/06/21,169,109.85,0.65,210,126,118,190,2610,1997,568,2911,422,2025,2416,2865,410,2987,2624,4159,2674,1436,3862,4456,78,1193,1607,1400,2333,493,1893,1944,389,519,130,1452,648,1400,1556,2178
Valencia Late,2025,all,2025/06/22,317,212.39,0.67,270,162,171,294,1004,2112,967,2541,420,939,2959,2973,437,1849,370,1184,4069,4069,5918,592,77,310,77,1600,1161,129,774,1316,2090,2038,1419,129,697,1058,1961,1367
Valencia Late,2025,all,2025/06/23,480,336,0.7,530,318,308,505,2310,764,2664,2998,2184,2615,1968,2347,611,1991,1921,1549,5330,4338,4214,3099,1613,1818,659,2272,1841,977,1295,454,1500,1386,1136,295,1318,1659,295,1931
Valencia Late,2025,all,2025/06/24,132,101.64,0.77,180,108,98,156,2458,2423,1852,474,1168,1385,744,2749,845,2999,1381,2236,658,5524,1710,5589,1346,1597,233,1722,1561,1776,574,1328,1453,1597,90,413,1005,1579,341,484
Valencia Late,2025,all,2025/06/25,141,104.34,0.74,190,114,104,166,1678,1758,1563,2104,1164,2779,2803,2275,1163,1751,2852,6122,4110,839,1174,3942,1967,1544,1100,592,106,910,1439,1946,1206,1946,1375,338,1629,338,1354,1248
Valencia Late,2025,all,2025/06/26,434,334.18,0.77,380,228,239,407,2549,1441,701,1738,1320,1512,1511,2804,294,1993,4085,3477,2738,1695,2173,1695,1399,938,336,1770,1098,1151,655,425,814,1735,106,1222,372,1558,832,1452
Valencia Late,2025,all,2025/06/27,448,336,0.75,490,294,286,469,528,1548,2800,878,2261,2851,1162,1965,2005,1305,651,3768,4140,4233,1488,3023,2124,839,1363,1547,708,734,446,262,1285,1940,1075,865,1049,393,1363,1311
Valencia Late,2025,all,2025/06/28,149,110.26,0.74,200,120,110,174,2989,1629,1556,1943,264,1815,2969,1214,2216,1037,214,4809,5022,2030,855,4702,197,2459,369,2312,492,1426,885,2287,1451,1328,271,1008,1672,590,762,123
Valencia Late,2025,all,2025/06/29,103,74.16,0.72,160,96,85,132,934,1673,2807,1397,2886,302,1286,995,2219,291,3490,1163,3157,1052,3601,2327,2014,433,195,1104,563,1061,2144,1126,368,1213,303,498,845,2100,217,606
Valencia Late,2025,all,2025/06/30,446,330.04,0.74,400,240,249,423,2450,2269,2969,1976,1621,2225,438,2805,452,1594,1855,4452,5875,5009,309,1299,2172,420,187,1892,911,654,1401,1588,2242,2148,584,537,1121,934,1004,1004
Midknight,2025,all,2025/04/01,222,155.4,0.7,150,90,104,186,2609,244,805,591,2845,779,642,1656,2585,1059,1922,1454,1246,1558,3428,4207,985,657,684,985,1026,1094,1368,616,1053,438,438,1149,233,862,1094,1135
Midknight,2025,all,2025/04/02,97,70.81,0.73,180,108,91,138,1446,1340,2876,1259,1758,2944,2208,1887,1966,660,435,7251,2828,73,2973,4785,258,1757,2015,586,492,2038,1078,141,117,1827,398,1125,2343,1148,937,2085
Midknight,2025,all,2025/04/03,167,111.89,0.67,120,72,81,144,2444,1928,2659,2517,2032,345,932,1131,1188,834,556,2475,2576,2020,4141,4242,1093,585,1462,1447,1432,1478,1509,246,277,739,677,1201,1447,816,570,1031
Midknight,2025,all,2025/04/04,242,188.76,0.78,260,156,152,251,787,2019,2295,2200,1476,2749,781,1754,751,2819,5064,4189,2251,2939,250,2939,1082,639,1328,2115,492,861,689,984,295,2189,1353,1328,1623,1107,787,762
Midknight,2025,all,2025/04/05,373,268.56,0.72,290,174,191,332,2838,1179,494,1675,2032,700,2383,1250,602,420,206,4851,1084,2632,4180,619,459,1517,998,399,220,1237,259,1497,1697,1377,100,419,479,1956,659,299
Midknight,2025,all,2025/04/06,301,216.72,0.72,340,204,196,320,1255,236,2545,1921,1020,380,2628,587,2146,1385,2853,844,2371,3214,2411,2411,1329,598,1163,1196,1479,382,1362,631,764,1611,748,1395,449,415,183,399
Midknight,2025,all,2025/04/07,245,166.6,0.68,180,108,121,212,2413,2542,1331,1024,2473,1587,2277,2093,2181,1109,1960,1392,1908,4538,5106,4126,895,1378,556,2104,1016,2297,580,1451,1257,1136,1040,363,169,605,2104,2080
Midknight,2025,all,2025/04/08,409,306.75,0.75,320,192,210,364,921,2548,2578,1999,2958,1816,1081,2682,2251,1287,689,3213,2984,6579,3443,3213,1996,743,1276,603,441,1044,2228,627,1578,812,928,2089,1300,1717,1369,1369
Midknight,2025,all,2025/04/09,59,41.89,0.71,110,66,56,84,487,2110,1243,1960,560,358,1470,1194,2429,2933,2183,3164,1266,2626,2594,2911,559,1063,1766,1244,1081,811,1568,631,577,1604,1658,829,469,126,162,595
Midknight,2025,all,2025/04/10,261,182.7,0.7,190,114,128,226,1841,375,600,2885,2076,1807,1877,938,1076,2289,6366,202,2425,404,404,5962,1665,1439,1089,1726,432,493,555,1130,21,1110,452,1582,822,843,1028,1377
Midknight,2025,all,2025/04/11,327,228.9,0.7,350,210,205,338,791,265,2705,1760,1419,1394,1108,378,867,1306,2473,62,5131,1484,2535,309,77,77,2486,205,743,128,2050,51,103,1076,871,794,974,1666,384,308
Midknight,2025,all,2025/04/12,292,224.84,0.77,210,126,142,251,374,398,1403,1213,1408,2474,1667,1619,2022,1545,3147,3330,2927,293,2159,2268,203,240,703,943,961,924,1017,1682,1775,1128,240,314,1350,74,1812,758
Midknight,2025,all,2025/04/13,342,239.4,0.7,380,228,220,361,2170,544,2835,2807,1576,1032,2944,2694,996,666,3751,4838,2500,2174,2881,2120,169,363,435,1282,702,194,2371,1064,1500,822,2371,2177,73,1693,1742,1306
Midknight,2025,all,2025/04/14,137,105.49,0.77,220,132,115,178,2784,2011,970,276,1567,1427,393,1611,2056,2705,2137,2914,1716,3205,2784,3043,617,1736,1466,1408,1505,251,540,347,482,1485,1929,193,637,1678,559,965
Midknight,2025,all,2025/04/15,120,85.2,0.71,170,102,92,145,2651,2201,1081,1058,2136,2264,2998,1804,1586,1594,3590,3305,4216,2222,2678,3362,41,373,2282,249,1369,249,1867,1369,2240,207,2862,1079,1120,124,3858,83
Midknight,2025,all,2025/04/16,138,95.22,0.69,190,114,104,164,1380,957,2706,671,2418,2022,1170,352,2717,428,4757,1702,1803,1853,1752,2954,1135,507,507,1602,831,81,284,1298,1277,466,162,1764,1804,466,1744,892
Midknight,2025,all,2025/04/17,446,294.36,0.66,360,216,233,403,2483,810,1918,408,1589,383,1863,859,1400,795,3127,1564,2736,2280,1824,977,826,339,1431,1062,1239,89,1033,280,1357,693,1475,251,546,959,649,280
Midknight,2025,all,2025/04/18,364,265.72,0.73,410,246,237,387,1151,1570,2037,1443,2028,1935,570,2282,326,2067,3531,1468,2018,1513,2339,4540,618,618,1325,1043,1361,618,1237,530,831,1449,300,1219,1661,1696,530,371
Midknight,2025,all,2025/04/19,243,191.97,0.79,180,108,121,212,2681,1232,1803,564,2765,1172,1306,1220,1765,2245,1933,2929,3397,3280,4042,1172,456,2168,822,639,890,685,23,411,1689,91,1872,2145,1803,2100,662,297
Midknight,2025,all,2025/04/20,89,61.41,0.69,150,90,78,120,2914,1632,2105,234,1023,1612,1867,1350,335,1262,2251,3377,2251,4053,1501,901,1539,855,889,1642,975,239,1454,1437,736,171,633,205,1505,958,633,462
Midknight,2025,all,2025/04/21,137,102.75,0.75,200,120,107,168,2158,2938,1429,397,1254,2852,449,1020,1291,1486,3046,1523,3225,1299,2464,3718,1771,906,1167,523,1308,1369,40,121,1610,644,1167,141,40,1268,1429,1771
Midknight,2025,all,2025/04/22,224,165.76,0.74,170,102,113,197,931,2314,730,2093,2950,1614,2945,1641,2297,2819,3112,2801,415,10271,1867,1867,1498,1974,2224,1135,1407,477,545,1884,23,2156,318,1929,1747,386,1362,1271
Midknight,2025,all,2025/04/23,138,93.84,0.68,230,138,120,184,1548,474,2479,542,1110,349,1906,2080,2890,2179,4362,630,291,4071,2278,3926,109,1809,632,654,1787,588,1438,1264,436,1307,1482,153,2114,458,22,1307
Midknight,2025,all,2025/04/24,387,274.77,0.71,290,174,193,338,1947,2406,2558,2369,889,1958,2839,2385,2202,2218,5633,2278,2721,696,6076,4367,359,2918,1257,2379,3142,45,1751,1212,1167,1616,314,898,2693,718,224,1077
Midknight,2025,all,2025/04/25,215,167.7,0.78,250,150,143,232,2170,1562,1909,2017,2696,1539,1123,1090,2891,2153,882,6236,1575,3087,4725,2646,406,2357,921,1815,894,1815,1165,542,352,1788,108,650,1571,2248,2275,244
Midknight,2025,all,2025/04/26,75,54.75,0.73,130,78,67,102,770,1674,2873,930,799,2421,797,2160,1604,1018,1162,3264,3208,5532,1825,55,1053,2153,374,1240,70,1310,1568,1123,632,2340,1006,140,1053,257,468,257
Midknight,2025,all,2025/04/27,383,283.42,0.74,420,252,245,402,1737,1854,2178,1990,2618,1197,955,2120,1503,1443,3302,1087,4012,3761,4054,1379,940,1612,2525,2444,1155,376,1827,752,1612,403,107,967,564,510,1048,752
Midknight,2025,all,2025/04/28,122,95.16,0.78,180,108,96,151,1091,1534,1524,1516,1006,2165,970,652,1219,2516,1079,216,3238,3292,3778,2590,508,1398,1289,1379,272,1289,544,1724,907,18,1706,1506,799,127,672,54
Midknight,2025,all,2025/04/29,315,229.95,0.73,240,144,159,278,2606,1609,1924,1828,855,2821,2815,1530,2548,1944,4128,1111,4022,5186,3334,2699,1614,2346,1261,706,2068,1715,1135,1085,1236,1337,1917,1564,353,555,555,1034
Midknight,2025,all,2025/04/30,454,354.12,0.78,380,228,243,417,1199,1138,1872,715,1098,2769,1003,1413,939,1528,643,1287,2574,4585,4504,80,30,1399,715,867,517,1323,776,669,989,852,46,913,1338,913,1399,928
Midknight,2025,all,2025/05/01,165,110.55,0.67,220,132,121,192,1586,1976,2567,677,1513,1263,702,2460,2499,357,806,522,4410,1944,3414,4505,213,736,1839,271,1568,39,1897,1684,1103,135,1684,1394,1161,581,948,348
Midknight,2025,all,2025/05/02,293,190.45,0.65,310,186,183,302,1634,425,435,2237,1864,2923,596,641,2379,715,3208,3106,3004,866,560,3106,1885,1762,738,574,2008,1352,451,942,389,901,82,287,1619,635,102,123
Midknight,2025,all,2025/05/03,247,165.49,0.67,190,114,125,218,2880,2888,2039,1643,2932,1593,1967,1443,2030,1373,146,5417,3733,4099,2050,5343,1632,1324,400,1016,1232,1201,2279,955,2094,1047,955,1417,924,2957,678,678
Midknight,2025,all,2025/05/04,385,261.8,0.68,420,252,245,402,703,2430,2433,2744,407,2355,2257,2016,1604,2678,3212,5098,4129,1886,3212,2090,1613,1634,2042,715,1613,1675,245,1613,694,2022,327,1103,633,1266,1654,776
Midknight,2025,all,2025/05/05,481,312.65,0.65,390,234,252,436,1738,2602,871,1239,865,1408,2493,1583,779,2115,1284,2809,3973,3612,2288,1726,741,1521,1461,1161,1021,1021,1081,400,1041,640,1041,1641,280,1341,1121,180
Midknight,2025,all,2025/05/06,498,398.4,0.8,520,312,308,509,450,1322,1248,2969,1674,1811,1265,1045,1248,2895,1754,2323,3934,4740,95,3081,259,160,898,1836,1896,1477,559,1956,818,1876,120,1217,699,659,20,1477
Midknight,2025,all,2025/05/07,388,283.24,0.73,300,180,198,344,264,2535,2983,2707,668,2372,2608,1783,1206,1632,4263,4883,3023,155,853,5581,2039,1943,552,1031,312,456,408,1823,192,576,2207,1703,2087,2279,528,624
Midknight,2025,all,2025/05/08,149,111.75,0.75,210,126,114,180,1238,2237,449,647,1481,2334,2384,514,1732,639,1592,3105,3225,3464,1752,518,1070,984,1027,275,1201,738,1143,1070,593,709,694,145,955,1403,911,738
Midknight,2025,all,2025/05/09,227,154.36,0.68,180,108,117,204,1657,465,2258,1719,1563,384,1993,2163,1448,2351,4716,3705,1600,2105,505,3369,572,1258,1177,523,1487,1079,768,964,1504,1307,1356,539,147,1291,1128,899
Midknight,2025,all,2025/05/10,293,196.31,0.67,330,198,191,312,1758,839,1358,1865,2400,1010,1819,769,933,558,3716,2360,552,2612,3064,1004,533,433,450,1249,1149,366,1332,1083,866,500,1282,550,1249,849,1149,266
Midknight,2025,all,2025/05/11,335,251.25,0.75,270,162,175,302,2023,861,995,1298,2446,1139,2384,2431,1613,450,3445,1722,3307,1791,4892,482,806,831,982,655,831,378,2267,1058,856,327,1385,881,151,1234,856,2141
Midknight,2025,all,2025/05/12,197,149.72,0.76,240,144,135,218,1381,486,2301,1477,2181,982,1587,743,2679,2966,1645,2990,2280,2916,3364,3588,104,1753,21,605,1920,835,250,1858,1649,21,250,2067,1399,1106,1461,1482
Midknight,2025,all,2025/05/13,197,139.87,0.71,160,96,103,178,2440,1680,271,1364,650,2747,586,2073,953,2870,4101,812,4272,2777,214,3460,324,864,1706,108,1771,756,1123,1577,108,691,583,1728,475,1123,734,1965
Midknight,2025,all,2025/05/14,448,313.6,0.7,490,294,286,469,1376,910,2636,2390,1607,873,3000,1482,1175,1958,2061,2519,305,4428,4199,3894,1782,451,430,1024,1188,1392,942,758,553,1495,1392,1208,1044,1495,1454,799
Midknight,2025,all,2025/05/15,473,345.29,0.73,380,228,247,426,832,705,353,1225,1267,809,2442,1184,1176,1228,1342,1951,772,569,4025,2561,380,717,585,1170,1346,102,1229,761,15,1112,863,614,834,132,965,395
Midknight,2025,all,2025/05/16,338,253.5,0.75,400,240,228,369,1076,1440,1477,2613,1669,1606,758,2221,1689,1205,820,4917,2823,364,4007,2823,385,1863,2005,486,1114,688,40,1984,729,931,1640,466,1154,1721,385,162
Midknight,2025,all,2025/05/17,499,339.32,0.68,420,252,268,460,1974,2773,2693,1960,2850,1877,1681,674,2375,2874,3246,5644,1976,2893,6421,1552,1612,150,2021,1784,752,1204,2021,1978,1978,1677,602,1720,150,2107,1311,666
Midknight,2025,all,2025/05/18,315,248.85,0.79,350,210,203,332,2732,1251,1651,2032,2317,2553,2320,1284,1876,1965,1353,2237,4579,3174,4111,4527,1107,755,604,1887,2340,126,2114,931,931,1032,1711,352,579,2139,1233,2139
Midknight,2025,all,2025/05/19,235,155.1,0.66,180,108,119,208,306,675,605,2791,1946,1155,818,1862,2090,564,3363,3683,2776,1068,214,1708,688,220,146,1098,1435,1201,732,571,937,1245,732,88,747,1464,1127,381
Midknight,2025,all,2025/05/20,177,141.6,0.8,230,138,127,204,458,2006,914,408,1426,1184,1556,498,2472,1312,784,5411,2353,235,3294,157,1496,115,920,1553,403,805,211,805,652,153,1687,153,268,1438,1553,19
Midknight,2025,all,2025/05/21,82,60.68,0.74,140,84,72,111,543,2101,984,938,902,1764,2929,585,2113,2560,4230,589,4818,1553,268,3962,935,901,986,1207,748,680,408,1530,136,646,748,1326,1156,1411,1598,1003
Midknight,2025,all,2025/05/22,81,59.13,0.73,120,72,64,100,971,2469,2662,579,1322,2705,2044,1443,1020,1075,1845,422,4745,2320,2636,4323,490,669,1110,914,1175,686,1388,816,457,1436,1355,424,1045,1355,1404,1567
Midknight,2025,all,2025/05/23,252,176.4,0.7,290,174,166,271,1686,1975,2409,1205,881,2114,1079,1830,1764,2867,5144,3429,3042,4757,940,498,920,1227,485,1150,1099,281,920,1405,2555,434,664,1533,1533,1048,1150,1405
Midknight,2025,all,2025/05/24,294,199.92,0.68,220,132,147,257,1250,2263,2005,1021,615,2028,1170,2783,1737,1427,102,3351,4722,3605,51,4468,1594,1594,277,683,1545,716,1139,537,1236,1187,1529,1025,1594,569,1009,65
Midknight,2025,all,2025/05/25,201,132.66,0.66,250,150,140,226,1570,541,1165,2098,1937,1746,2857,518,1147,2414,750,4248,1749,4498,3498,1249,732,860,1702,1189,988,1372,1372,714,732,1006,604,1628,1500,366,970,256
Midknight,2025,all,2025/05/26,213,138.45,0.65,170,102,111,192,2515,425,2197,500,1046,1576,1453,1718,927,1102,3308,3498,3574,114,2661,304,1167,1556,1420,1150,304,981,643,406,440,845,1505,862,558,237,355,1031
Midknight,2025,all,2025/05/27,420,273,0.65,460,276,268,440,2737,1199,2354,1325,1232,1154,2090,2177,2753,1775,2236,2236,489,2935,4053,6848,2218,650,1860,157,605,627,605,2151,560,1120,2084,224,1456,2016,1008,1456
Midknight,2025,all,2025/05/28,233,179.41,0.77,190,114,123,212,231,1786,1576,1002,1102,1822,1210,663,2951,870,4337,2101,3185,1897,1558,136,681,1081,518,844,800,1170,652,696,681,1289,1155,1215,830,593,59,948
Midknight,2025,all,2025/05/29,78,55.38,0.71,130,78,68,104,2220,1301,850,1188,2425,1319,2550,1260,2516,2656,332,5264,1662,3602,5375,2050,778,298,2197,824,2197,1053,824,2105,2266,1236,572,618,1625,366,755,572
Midknight,2025,all,2025/05/30,340,255,0.75,280,168,180,310,1611,1790,1296,2914,1671,1152,2369,1505,1458,2163,5016,2940,231,3632,2882,3228,2313,361,1928,1470,217,1639,193,795,747,1325,1181,988,217,627,1542,2386
Midknight,2025,all,2025/05/31,178,137.06,0.77,230,138,128,204,2135,1817,2435,520,1175,509,1851,220,2110,655,2685,3825,895,81,2238,3703,188,480,230,1921,1420,1065,1566,188,188,1211,1378,251,439,522,1336,1044
Midknight,2025,all,2025/06/01,178,138.84,0.78,200,120,116,189,876,597,2841,2488,1102,2939,1091,2619,1934,2870,4257,5654,1530,3659,1264,2993,545,2027,458,262,2027,131,1395,1657,1003,523,1896,1504,2093,1918,872,1046
Midknight,2025,all,2025/06/02,470,376,0.8,410,246,258,440,1122,2065,1017,287,1727,2369,1103,2074,1289,2328,3546,578,2544,3007,2930,2776,400,1232,1344,32,800,1280,1024,912,1040,272,1136,1296,1168,1553,1456,432
Midknight,2025,all,2025/06/03,103,80.34,0.78,160,96,85,132,381,520,1674,1662,685,381,2817,2141,1107,2715,3091,3407,2248,2599,527,2213,972,285,1423,95,285,190,403,640,1826,2371,996,1233,545,1067,1138,617
Midknight,2025,all,2025/06/04,439,316.08,0.72,380,228,240,410,2580,611,2330,206,2062,1556,1285,414,1017,654,2675,82,1687,1728,3292,3251,1143,1013,448,43,1230,738,738,1056,535,608,969,767,1432,882,752,362
Midknight,2025,all,2025/06/05,88,68.64,0.78,140,84,74,114,765,469,2361,1678,1774,785,221,344,211,662,219,2441,2660,1975,960,1015,866,817,927,49,1025,866,232,268,451,500,842,988,329,207,488,415
Midknight,2025,all,2025/06/06,294,229.32,0.78,250,150,159,272,609,1776,2487,625,213,2115,2815,2239,2005,551,2404,1729,2573,1940,3121,3669,1467,124,1302,1137,992,1839,579,269,1922,1715,992,21,186,165,1446,1281
Midknight,2025,all,2025/06/07,323,258.4,0.8,370,222,213,346,1705,1123,2378,2066,1355,2091,2579,2754,1057,2375,4242,4975,4242,1624,3300,1100,342,1218,1196,961,1666,171,1709,1880,256,1325,1517,1880,1175,1901,1965,320
Midknight,2025,all,2025/06/08,385,265.65,0.69,320,192,205,352,1446,2588,2065,1116,2408,1029,618,300,2555,1427,407,5455,4641,489,3908,651,131,635,131,1626,1832,1551,1121,299,206,355,1421,1084,1738,1346,262,1813
Midknight,2025,all,2025/06/09,438,315.36,0.72,480,288,280,459,2424,2393,1469,2095,1388,2729,1289,1333,2753,1492,5271,3667,4755,3724,1203,745,1382,2062,893,319,2062,298,128,1998,1913,446,1212,2062,1488,553,1488,1063
Midknight,2025,all,2025/06/10,155,106.95,0.69,200,120,111,178,282,2632,1836,2638,1636,1665,1325,2057,767,1507,5237,2014,3338,3108,1842,806,803,69,1286,689,23,918,115,2227,1951,92,1745,849,1905,597,2112,964
Midknight,2025,all,2025/06/11,92,69.92,0.76,150,90,78,121,2361,2546,2858,2512,2654,2789,2363,210,209,2306,4616,2618,3376,1240,3583,5374,511,1936,1694,2258,1962,2446,753,1989,1075,188,215,27,2500,1962,134,1156
Midknight,2025,all,2025/06/12,492,383.76,0.78,420,252,266,456,269,1360,2109,588,794,2179,516,2291,458,1644,2277,1537,2447,2760,455,2732,444,1378,356,119,489,1407,578,1467,1482,711,133,533,1437,1467,30,178
Midknight,2025,all,2025/06/13,81,53.46,0.66,130,78,68,106,322,2113,580,2555,2122,432,494,2037,322,749,2649,327,1726,2976,2083,1964,485,901,1317,527,596,125,651,152,180,1289,1192,1123,554,679,610,1344
Midknight,2025,all,2025/06/14,426,285.42,0.67,380,228,237,403,2280,1529,921,1475,2019,1140,1785,2628,2789,2004,3682,650,379,4818,3627,5414,2134,2317,1464,1525,701,1555,335,640,61,762,762,2226,549,396,1586,1555
Midknight,2025,all,2025/06/15,307,205.69,0.67,350,210,201,328,1521,2085,1790,2318,2094,940,1380,2281,2973,2509,1823,4475,1160,4033,3260,5139,1995,1223,1395,751,2017,1717,1974,772,107,1287,1459,1287,1244,429,1459,772
Midknight,2025,all,2025/06/16,371,289.38,0.78,310,186,198,340,1020,2982,863,1536,1738,2555,1471,2335,1915,1392,2188,3464,2188,4801,304,4862,949,91,985,657,1587,328,1295,1824,1514,1441,1277,1350,1660,91,1387,1368
Midknight,2025,all,2025/06/17,475,323,0.68,520,312,303,498,253,2309,2376,456,828,2636,2284,1574,1107,2555,7134,1310,437,2111,3640,1747,2053,230,712,1047,126,461,1320,670,1592,1340,1885,838,1487,398,2095,126
Midknight,2025,all,2025/06/18,107,82.39,0.77,170,102,89,138,2286,773,1687,1692,2391,627,2391,2782,318,845,1501,4671,3225,2280,2613,1501,167,1694,1097,48,2218,1741,859,739,95,48,1145,572,2028,1312,1193,835
Midknight,2025,all,2025/06/19,341,238.7,0.7,290,174,184,316,1708,2357,2313,2147,1172,1697,1524,606,2857,1186,5124,427,4392,1525,4880,1220,1218,2435,895,1392,398,273,1640,25,1764,248,1888,1988,572,1392,373,1068
Midknight,2025,all,2025/06/20,408,293.76,0.72,450,270,262,429,1241,639,1442,384,850,2057,1947,1528,2687,1933,284,4635,4398,3783,851,757,1323,152,137,1095,913,1065,1491,1338,1308,1202,1506,1217,46,91,1080,745
Midknight,2025,all,2025/06/21,169,111.54,0.66,210,126,118,190,398,2551,2497,2167,1625,1256,2449,407,1471,501,2137,5003,2554,3388,990,1251,1210,585,1714,343,1532,524,464,1613,1210,242,1512,1774,1250,585,464,302
Midknight,2025,all,2025/06/22,317,240.92,0.76,270,162,171,294,308,1707,2453,1701,2318,1307,2535,2978,398,1173,1863,3781,658,2028,5261,3288,744,1462,898,205,898,616,821,2052,872,693,2052,667,410,1360,1026,2103
Midknight,2025,all,2025/06/23,480,374.4,0.78,530,318,308,505,1007,425,1352,2887,2959,1316,314,911,2902,1211,4216,4005,1107,580,4269,1107,963,2049,656,1147,1414,820,1004,676,553,1700,1086,225,225,963,82,1721
Midknight,2025,all,2025/06/24,132,85.8,0.65,180,108,98,156,1569,1249,2053,485,1107,2145,2985,1994,1093,2745,1729,3769,754,3547,3192,4434,979,471,1650,1596,1451,852,653,1759,471,18,1813,997,1469,1197,326,1723
Midknight,2025,all,2025/06/25,141,112.8,0.8,190,114,104,166,1555,1079,1756,1871,969,2802,2377,2552,944,1937,3972,1198,1135,4791,6179,567,2014,1329,242,1027,101,1007,926,40,1953,1168,1067,1732,503,1450,1933,1349
Midknight,2025,all,2025/06/26,434,329.84,0.76,380,228,239,407,2298,938,1027,1371,268,1247,1960,2502,1404,1093,2401,1951,1601,1151,3102,3902,694,613,420,904,694,743,1049,1162,161,1324,1017,1275,1420,194,1533,904
Midknight,2025,all,2025/06/27,448,331.52,0.74,490,294,286,469,2537,1016,2581,1355,486,1094,2558,328,1249,2881,2955,507,3504,2026,2955,4137,1116,727,795,1319,1184,829,829,761,829,677,1066,863,1556,1438,1539,558
Midknight,2025,all,2025/06/28,149,119.2,0.8,200,120,110,174,766,2396,816,2864,1327,2473,537,2213,271,1664,3498,1013,1151,2301,2946,4419,270,1589,777,1098,1234,1352,253,524,1504,1639,1284,1115,558,1352,456,321
Midknight,2025,all,2025/06/29,103,67.98,0.66,160,96,85,132,2247,1834,1381,1752,2412,1534,1365,2221,2757,712,3978,4145,3057,293,2806,3936,835,81,81,162,1886,1644,1024,835,2479,1024,728,2021,620,2236,1482,1078
Midknight,2025,all,2025/06/30,446,330.04,0.74,400,240,249,423,325,2602,2784,2807,246,2839,1247,1121,973,2554,4364,3927,4189,3622,131,1265,1726,137,647,922,1922,1432,1157,471,1079,726,1118,1844,20,1197,1412,1687
